episode_reward,episode_length,global_step,gym_id,exp_name,circuit,seed
10.0,10,40,CartPole-v1,"CP-ppo-ac-NN(6,6)-(lr=2.5e-3)-(86-params)-record-insider-info",classic_NN_6-6,30
25.0,25,100,CartPole-v1,"CP-ppo-ac-NN(6,6)-(lr=2.5e-3)-(86-params)-record-insider-info",classic_NN_6-6,30
31.0,31,124,CartPole-v1,"CP-ppo-ac-NN(6,6)-(lr=2.5e-3)-(86-params)-record-insider-info",classic_NN_6-6,30
25.0,25,140,CartPole-v1,"CP-ppo-ac-NN(6,6)-(lr=2.5e-3)-(86-params)-record-insider-info",classic_NN_6-6,30
14.0,14,156,CartPole-v1,"CP-ppo-ac-NN(6,6)-(lr=2.5e-3)-(86-params)-record-insider-info",classic_NN_6-6,30
14.0,14,180,CartPole-v1,"CP-ppo-ac-NN(6,6)-(lr=2.5e-3)-(86-params)-record-insider-info",classic_NN_6-6,30
45.0,45,180,CartPole-v1,"CP-ppo-ac-NN(6,6)-(lr=2.5e-3)-(86-params)-record-insider-info",classic_NN_6-6,30
14.0,14,212,CartPole-v1,"CP-ppo-ac-NN(6,6)-(lr=2.5e-3)-(86-params)-record-insider-info",classic_NN_6-6,30
14.0,14,236,CartPole-v1,"CP-ppo-ac-NN(6,6)-(lr=2.5e-3)-(86-params)-record-insider-info",classic_NN_6-6,30
15.0,15,272,CartPole-v1,"CP-ppo-ac-NN(6,6)-(lr=2.5e-3)-(86-params)-record-insider-info",classic_NN_6-6,30
39.0,39,296,CartPole-v1,"CP-ppo-ac-NN(6,6)-(lr=2.5e-3)-(86-params)-record-insider-info",classic_NN_6-6,30
30.0,30,300,CartPole-v1,"CP-ppo-ac-NN(6,6)-(lr=2.5e-3)-(86-params)-record-insider-info",classic_NN_6-6,30
14.0,14,328,CartPole-v1,"CP-ppo-ac-NN(6,6)-(lr=2.5e-3)-(86-params)-record-insider-info",classic_NN_6-6,30
26.0,26,340,CartPole-v1,"CP-ppo-ac-NN(6,6)-(lr=2.5e-3)-(86-params)-record-insider-info",classic_NN_6-6,30
11.0,11,344,CartPole-v1,"CP-ppo-ac-NN(6,6)-(lr=2.5e-3)-(86-params)-record-insider-info",classic_NN_6-6,30
21.0,21,380,CartPole-v1,"CP-ppo-ac-NN(6,6)-(lr=2.5e-3)-(86-params)-record-insider-info",classic_NN_6-6,30
21.0,21,412,CartPole-v1,"CP-ppo-ac-NN(6,6)-(lr=2.5e-3)-(86-params)-record-insider-info",classic_NN_6-6,30
20.0,20,420,CartPole-v1,"CP-ppo-ac-NN(6,6)-(lr=2.5e-3)-(86-params)-record-insider-info",classic_NN_6-6,30
13.0,13,464,CartPole-v1,"CP-ppo-ac-NN(6,6)-(lr=2.5e-3)-(86-params)-record-insider-info",classic_NN_6-6,30
29.0,29,496,CartPole-v1,"CP-ppo-ac-NN(6,6)-(lr=2.5e-3)-(86-params)-record-insider-info",classic_NN_6-6,30
51.0,51,548,CartPole-v1,"CP-ppo-ac-NN(6,6)-(lr=2.5e-3)-(86-params)-record-insider-info",classic_NN_6-6,30
14.0,14,552,CartPole-v1,"CP-ppo-ac-NN(6,6)-(lr=2.5e-3)-(86-params)-record-insider-info",classic_NN_6-6,30
25.0,25,564,CartPole-v1,"CP-ppo-ac-NN(6,6)-(lr=2.5e-3)-(86-params)-record-insider-info",classic_NN_6-6,30
40.0,40,580,CartPole-v1,"CP-ppo-ac-NN(6,6)-(lr=2.5e-3)-(86-params)-record-insider-info",classic_NN_6-6,30
9.0,9,588,CartPole-v1,"CP-ppo-ac-NN(6,6)-(lr=2.5e-3)-(86-params)-record-insider-info",classic_NN_6-6,30
20.0,20,660,CartPole-v1,"CP-ppo-ac-NN(6,6)-(lr=2.5e-3)-(86-params)-record-insider-info",classic_NN_6-6,30
31.0,31,672,CartPole-v1,"CP-ppo-ac-NN(6,6)-(lr=2.5e-3)-(86-params)-record-insider-info",classic_NN_6-6,30
11.0,11,716,CartPole-v1,"CP-ppo-ac-NN(6,6)-(lr=2.5e-3)-(86-params)-record-insider-info",classic_NN_6-6,30
35.0,35,728,CartPole-v1,"CP-ppo-ac-NN(6,6)-(lr=2.5e-3)-(86-params)-record-insider-info",classic_NN_6-6,30
43.0,43,736,CartPole-v1,"CP-ppo-ac-NN(6,6)-(lr=2.5e-3)-(86-params)-record-insider-info",classic_NN_6-6,30
27.0,27,768,CartPole-v1,"CP-ppo-ac-NN(6,6)-(lr=2.5e-3)-(86-params)-record-insider-info",classic_NN_6-6,30
24.0,24,824,CartPole-v1,"CP-ppo-ac-NN(6,6)-(lr=2.5e-3)-(86-params)-record-insider-info",classic_NN_6-6,30
27.0,27,824,CartPole-v1,"CP-ppo-ac-NN(6,6)-(lr=2.5e-3)-(86-params)-record-insider-info",classic_NN_6-6,30
16.0,16,832,CartPole-v1,"CP-ppo-ac-NN(6,6)-(lr=2.5e-3)-(86-params)-record-insider-info",classic_NN_6-6,30
15.0,15,884,CartPole-v1,"CP-ppo-ac-NN(6,6)-(lr=2.5e-3)-(86-params)-record-insider-info",classic_NN_6-6,30
50.0,50,936,CartPole-v1,"CP-ppo-ac-NN(6,6)-(lr=2.5e-3)-(86-params)-record-insider-info",classic_NN_6-6,30
34.0,34,968,CartPole-v1,"CP-ppo-ac-NN(6,6)-(lr=2.5e-3)-(86-params)-record-insider-info",classic_NN_6-6,30
40.0,40,984,CartPole-v1,"CP-ppo-ac-NN(6,6)-(lr=2.5e-3)-(86-params)-record-insider-info",classic_NN_6-6,30
30.0,30,1004,CartPole-v1,"CP-ppo-ac-NN(6,6)-(lr=2.5e-3)-(86-params)-record-insider-info",classic_NN_6-6,30
18.0,18,1008,CartPole-v1,"CP-ppo-ac-NN(6,6)-(lr=2.5e-3)-(86-params)-record-insider-info",classic_NN_6-6,30
21.0,21,1088,CartPole-v1,"CP-ppo-ac-NN(6,6)-(lr=2.5e-3)-(86-params)-record-insider-info",classic_NN_6-6,30
21.0,21,1092,CartPole-v1,"CP-ppo-ac-NN(6,6)-(lr=2.5e-3)-(86-params)-record-insider-info",classic_NN_6-6,30
37.0,37,1132,CartPole-v1,"CP-ppo-ac-NN(6,6)-(lr=2.5e-3)-(86-params)-record-insider-info",classic_NN_6-6,30
44.0,44,1144,CartPole-v1,"CP-ppo-ac-NN(6,6)-(lr=2.5e-3)-(86-params)-record-insider-info",classic_NN_6-6,30
15.0,15,1148,CartPole-v1,"CP-ppo-ac-NN(6,6)-(lr=2.5e-3)-(86-params)-record-insider-info",classic_NN_6-6,30
36.0,36,1276,CartPole-v1,"CP-ppo-ac-NN(6,6)-(lr=2.5e-3)-(86-params)-record-insider-info",classic_NN_6-6,30
48.0,48,1284,CartPole-v1,"CP-ppo-ac-NN(6,6)-(lr=2.5e-3)-(86-params)-record-insider-info",classic_NN_6-6,30
41.0,41,1312,CartPole-v1,"CP-ppo-ac-NN(6,6)-(lr=2.5e-3)-(86-params)-record-insider-info",classic_NN_6-6,30
26.0,26,1380,CartPole-v1,"CP-ppo-ac-NN(6,6)-(lr=2.5e-3)-(86-params)-record-insider-info",classic_NN_6-6,30
67.0,67,1412,CartPole-v1,"CP-ppo-ac-NN(6,6)-(lr=2.5e-3)-(86-params)-record-insider-info",classic_NN_6-6,30
29.0,29,1428,CartPole-v1,"CP-ppo-ac-NN(6,6)-(lr=2.5e-3)-(86-params)-record-insider-info",classic_NN_6-6,30
45.0,45,1464,CartPole-v1,"CP-ppo-ac-NN(6,6)-(lr=2.5e-3)-(86-params)-record-insider-info",classic_NN_6-6,30
23.0,23,1520,CartPole-v1,"CP-ppo-ac-NN(6,6)-(lr=2.5e-3)-(86-params)-record-insider-info",classic_NN_6-6,30
38.0,38,1532,CartPole-v1,"CP-ppo-ac-NN(6,6)-(lr=2.5e-3)-(86-params)-record-insider-info",classic_NN_6-6,30
11.0,11,1564,CartPole-v1,"CP-ppo-ac-NN(6,6)-(lr=2.5e-3)-(86-params)-record-insider-info",classic_NN_6-6,30
25.0,25,1564,CartPole-v1,"CP-ppo-ac-NN(6,6)-(lr=2.5e-3)-(86-params)-record-insider-info",classic_NN_6-6,30
47.0,47,1600,CartPole-v1,"CP-ppo-ac-NN(6,6)-(lr=2.5e-3)-(86-params)-record-insider-info",classic_NN_6-6,30
18.0,18,1604,CartPole-v1,"CP-ppo-ac-NN(6,6)-(lr=2.5e-3)-(86-params)-record-insider-info",classic_NN_6-6,30
16.0,16,1668,CartPole-v1,"CP-ppo-ac-NN(6,6)-(lr=2.5e-3)-(86-params)-record-insider-info",classic_NN_6-6,30
19.0,19,1676,CartPole-v1,"CP-ppo-ac-NN(6,6)-(lr=2.5e-3)-(86-params)-record-insider-info",classic_NN_6-6,30
42.0,42,1732,CartPole-v1,"CP-ppo-ac-NN(6,6)-(lr=2.5e-3)-(86-params)-record-insider-info",classic_NN_6-6,30
44.0,44,1740,CartPole-v1,"CP-ppo-ac-NN(6,6)-(lr=2.5e-3)-(86-params)-record-insider-info",classic_NN_6-6,30
25.0,25,1768,CartPole-v1,"CP-ppo-ac-NN(6,6)-(lr=2.5e-3)-(86-params)-record-insider-info",classic_NN_6-6,30
29.0,29,1884,CartPole-v1,"CP-ppo-ac-NN(6,6)-(lr=2.5e-3)-(86-params)-record-insider-info",classic_NN_6-6,30
59.0,59,1912,CartPole-v1,"CP-ppo-ac-NN(6,6)-(lr=2.5e-3)-(86-params)-record-insider-info",classic_NN_6-6,30
47.0,47,1928,CartPole-v1,"CP-ppo-ac-NN(6,6)-(lr=2.5e-3)-(86-params)-record-insider-info",classic_NN_6-6,30
31.0,31,2008,CartPole-v1,"CP-ppo-ac-NN(6,6)-(lr=2.5e-3)-(86-params)-record-insider-info",classic_NN_6-6,30
26.0,26,2016,CartPole-v1,"CP-ppo-ac-NN(6,6)-(lr=2.5e-3)-(86-params)-record-insider-info",classic_NN_6-6,30
22.0,22,2016,CartPole-v1,"CP-ppo-ac-NN(6,6)-(lr=2.5e-3)-(86-params)-record-insider-info",classic_NN_6-6,30
77.0,77,2040,CartPole-v1,"CP-ppo-ac-NN(6,6)-(lr=2.5e-3)-(86-params)-record-insider-info",classic_NN_6-6,30
33.0,33,2140,CartPole-v1,"CP-ppo-ac-NN(6,6)-(lr=2.5e-3)-(86-params)-record-insider-info",classic_NN_6-6,30
37.0,37,2164,CartPole-v1,"CP-ppo-ac-NN(6,6)-(lr=2.5e-3)-(86-params)-record-insider-info",classic_NN_6-6,30
38.0,38,2168,CartPole-v1,"CP-ppo-ac-NN(6,6)-(lr=2.5e-3)-(86-params)-record-insider-info",classic_NN_6-6,30
37.0,37,2188,CartPole-v1,"CP-ppo-ac-NN(6,6)-(lr=2.5e-3)-(86-params)-record-insider-info",classic_NN_6-6,30
17.0,17,2256,CartPole-v1,"CP-ppo-ac-NN(6,6)-(lr=2.5e-3)-(86-params)-record-insider-info",classic_NN_6-6,30
33.0,33,2272,CartPole-v1,"CP-ppo-ac-NN(6,6)-(lr=2.5e-3)-(86-params)-record-insider-info",classic_NN_6-6,30
28.0,28,2280,CartPole-v1,"CP-ppo-ac-NN(6,6)-(lr=2.5e-3)-(86-params)-record-insider-info",classic_NN_6-6,30
25.0,25,2356,CartPole-v1,"CP-ppo-ac-NN(6,6)-(lr=2.5e-3)-(86-params)-record-insider-info",classic_NN_6-6,30
49.0,49,2360,CartPole-v1,"CP-ppo-ac-NN(6,6)-(lr=2.5e-3)-(86-params)-record-insider-info",classic_NN_6-6,30
24.0,24,2376,CartPole-v1,"CP-ppo-ac-NN(6,6)-(lr=2.5e-3)-(86-params)-record-insider-info",classic_NN_6-6,30
29.0,29,2476,CartPole-v1,"CP-ppo-ac-NN(6,6)-(lr=2.5e-3)-(86-params)-record-insider-info",classic_NN_6-6,30
29.0,29,2492,CartPole-v1,"CP-ppo-ac-NN(6,6)-(lr=2.5e-3)-(86-params)-record-insider-info",classic_NN_6-6,30
59.0,59,2508,CartPole-v1,"CP-ppo-ac-NN(6,6)-(lr=2.5e-3)-(86-params)-record-insider-info",classic_NN_6-6,30
24.0,24,2588,CartPole-v1,"CP-ppo-ac-NN(6,6)-(lr=2.5e-3)-(86-params)-record-insider-info",classic_NN_6-6,30
73.0,73,2648,CartPole-v1,"CP-ppo-ac-NN(6,6)-(lr=2.5e-3)-(86-params)-record-insider-info",classic_NN_6-6,30
44.0,44,2824,CartPole-v1,"CP-ppo-ac-NN(6,6)-(lr=2.5e-3)-(86-params)-record-insider-info",classic_NN_6-6,30
60.0,60,2828,CartPole-v1,"CP-ppo-ac-NN(6,6)-(lr=2.5e-3)-(86-params)-record-insider-info",classic_NN_6-6,30
93.0,93,2880,CartPole-v1,"CP-ppo-ac-NN(6,6)-(lr=2.5e-3)-(86-params)-record-insider-info",classic_NN_6-6,30
111.0,111,2920,CartPole-v1,"CP-ppo-ac-NN(6,6)-(lr=2.5e-3)-(86-params)-record-insider-info",classic_NN_6-6,30
22.0,22,2968,CartPole-v1,"CP-ppo-ac-NN(6,6)-(lr=2.5e-3)-(86-params)-record-insider-info",classic_NN_6-6,30
53.0,53,3180,CartPole-v1,"CP-ppo-ac-NN(6,6)-(lr=2.5e-3)-(86-params)-record-insider-info",classic_NN_6-6,30
73.0,73,3212,CartPole-v1,"CP-ppo-ac-NN(6,6)-(lr=2.5e-3)-(86-params)-record-insider-info",classic_NN_6-6,30
118.0,118,3296,CartPole-v1,"CP-ppo-ac-NN(6,6)-(lr=2.5e-3)-(86-params)-record-insider-info",classic_NN_6-6,30
58.0,58,3412,CartPole-v1,"CP-ppo-ac-NN(6,6)-(lr=2.5e-3)-(86-params)-record-insider-info",classic_NN_6-6,30
19.0,19,3488,CartPole-v1,"CP-ppo-ac-NN(6,6)-(lr=2.5e-3)-(86-params)-record-insider-info",classic_NN_6-6,30
165.0,165,3488,CartPole-v1,"CP-ppo-ac-NN(6,6)-(lr=2.5e-3)-(86-params)-record-insider-info",classic_NN_6-6,30
109.0,109,3648,CartPole-v1,"CP-ppo-ac-NN(6,6)-(lr=2.5e-3)-(86-params)-record-insider-info",classic_NN_6-6,30
103.0,103,3900,CartPole-v1,"CP-ppo-ac-NN(6,6)-(lr=2.5e-3)-(86-params)-record-insider-info",classic_NN_6-6,30
104.0,104,3904,CartPole-v1,"CP-ppo-ac-NN(6,6)-(lr=2.5e-3)-(86-params)-record-insider-info",classic_NN_6-6,30
153.0,153,3908,CartPole-v1,"CP-ppo-ac-NN(6,6)-(lr=2.5e-3)-(86-params)-record-insider-info",classic_NN_6-6,30
100.0,100,4048,CartPole-v1,"CP-ppo-ac-NN(6,6)-(lr=2.5e-3)-(86-params)-record-insider-info",classic_NN_6-6,30
49.0,49,4096,CartPole-v1,"CP-ppo-ac-NN(6,6)-(lr=2.5e-3)-(86-params)-record-insider-info",classic_NN_6-6,30
79.0,79,4224,CartPole-v1,"CP-ppo-ac-NN(6,6)-(lr=2.5e-3)-(86-params)-record-insider-info",classic_NN_6-6,30
50.0,50,4248,CartPole-v1,"CP-ppo-ac-NN(6,6)-(lr=2.5e-3)-(86-params)-record-insider-info",classic_NN_6-6,30
88.0,88,4256,CartPole-v1,"CP-ppo-ac-NN(6,6)-(lr=2.5e-3)-(86-params)-record-insider-info",classic_NN_6-6,30
101.0,101,4500,CartPole-v1,"CP-ppo-ac-NN(6,6)-(lr=2.5e-3)-(86-params)-record-insider-info",classic_NN_6-6,30
93.0,93,4620,CartPole-v1,"CP-ppo-ac-NN(6,6)-(lr=2.5e-3)-(86-params)-record-insider-info",classic_NN_6-6,30
102.0,102,4664,CartPole-v1,"CP-ppo-ac-NN(6,6)-(lr=2.5e-3)-(86-params)-record-insider-info",classic_NN_6-6,30
130.0,130,4744,CartPole-v1,"CP-ppo-ac-NN(6,6)-(lr=2.5e-3)-(86-params)-record-insider-info",classic_NN_6-6,30
102.0,102,4908,CartPole-v1,"CP-ppo-ac-NN(6,6)-(lr=2.5e-3)-(86-params)-record-insider-info",classic_NN_6-6,30
45.0,45,4924,CartPole-v1,"CP-ppo-ac-NN(6,6)-(lr=2.5e-3)-(86-params)-record-insider-info",classic_NN_6-6,30
88.0,88,4972,CartPole-v1,"CP-ppo-ac-NN(6,6)-(lr=2.5e-3)-(86-params)-record-insider-info",classic_NN_6-6,30
127.0,127,5172,CartPole-v1,"CP-ppo-ac-NN(6,6)-(lr=2.5e-3)-(86-params)-record-insider-info",classic_NN_6-6,30
107.0,107,5352,CartPole-v1,"CP-ppo-ac-NN(6,6)-(lr=2.5e-3)-(86-params)-record-insider-info",classic_NN_6-6,30
108.0,108,5404,CartPole-v1,"CP-ppo-ac-NN(6,6)-(lr=2.5e-3)-(86-params)-record-insider-info",classic_NN_6-6,30
28.0,28,5516,CartPole-v1,"CP-ppo-ac-NN(6,6)-(lr=2.5e-3)-(86-params)-record-insider-info",classic_NN_6-6,30
70.0,70,5632,CartPole-v1,"CP-ppo-ac-NN(6,6)-(lr=2.5e-3)-(86-params)-record-insider-info",classic_NN_6-6,30
214.0,214,6028,CartPole-v1,"CP-ppo-ac-NN(6,6)-(lr=2.5e-3)-(86-params)-record-insider-info",classic_NN_6-6,30
171.0,171,6200,CartPole-v1,"CP-ppo-ac-NN(6,6)-(lr=2.5e-3)-(86-params)-record-insider-info",classic_NN_6-6,30
324.0,324,6204,CartPole-v1,"CP-ppo-ac-NN(6,6)-(lr=2.5e-3)-(86-params)-record-insider-info",classic_NN_6-6,30
21.0,21,6284,CartPole-v1,"CP-ppo-ac-NN(6,6)-(lr=2.5e-3)-(86-params)-record-insider-info",classic_NN_6-6,30
181.0,181,6356,CartPole-v1,"CP-ppo-ac-NN(6,6)-(lr=2.5e-3)-(86-params)-record-insider-info",classic_NN_6-6,30
63.0,63,6536,CartPole-v1,"CP-ppo-ac-NN(6,6)-(lr=2.5e-3)-(86-params)-record-insider-info",classic_NN_6-6,30
54.0,54,6572,CartPole-v1,"CP-ppo-ac-NN(6,6)-(lr=2.5e-3)-(86-params)-record-insider-info",classic_NN_6-6,30
18.0,18,6644,CartPole-v1,"CP-ppo-ac-NN(6,6)-(lr=2.5e-3)-(86-params)-record-insider-info",classic_NN_6-6,30
124.0,124,6700,CartPole-v1,"CP-ppo-ac-NN(6,6)-(lr=2.5e-3)-(86-params)-record-insider-info",classic_NN_6-6,30
231.0,231,6952,CartPole-v1,"CP-ppo-ac-NN(6,6)-(lr=2.5e-3)-(86-params)-record-insider-info",classic_NN_6-6,30
75.0,75,7000,CartPole-v1,"CP-ppo-ac-NN(6,6)-(lr=2.5e-3)-(86-params)-record-insider-info",classic_NN_6-6,30
151.0,151,7140,CartPole-v1,"CP-ppo-ac-NN(6,6)-(lr=2.5e-3)-(86-params)-record-insider-info",classic_NN_6-6,30
170.0,170,7324,CartPole-v1,"CP-ppo-ac-NN(6,6)-(lr=2.5e-3)-(86-params)-record-insider-info",classic_NN_6-6,30
111.0,111,7396,CartPole-v1,"CP-ppo-ac-NN(6,6)-(lr=2.5e-3)-(86-params)-record-insider-info",classic_NN_6-6,30
161.0,161,7644,CartPole-v1,"CP-ppo-ac-NN(6,6)-(lr=2.5e-3)-(86-params)-record-insider-info",classic_NN_6-6,30
166.0,166,7804,CartPole-v1,"CP-ppo-ac-NN(6,6)-(lr=2.5e-3)-(86-params)-record-insider-info",classic_NN_6-6,30
131.0,131,7848,CartPole-v1,"CP-ppo-ac-NN(6,6)-(lr=2.5e-3)-(86-params)-record-insider-info",classic_NN_6-6,30
147.0,147,7984,CartPole-v1,"CP-ppo-ac-NN(6,6)-(lr=2.5e-3)-(86-params)-record-insider-info",classic_NN_6-6,30
117.0,117,8272,CartPole-v1,"CP-ppo-ac-NN(6,6)-(lr=2.5e-3)-(86-params)-record-insider-info",classic_NN_6-6,30
226.0,226,8548,CartPole-v1,"CP-ppo-ac-NN(6,6)-(lr=2.5e-3)-(86-params)-record-insider-info",classic_NN_6-6,30
144.0,144,8560,CartPole-v1,"CP-ppo-ac-NN(6,6)-(lr=2.5e-3)-(86-params)-record-insider-info",classic_NN_6-6,30
275.0,275,8948,CartPole-v1,"CP-ppo-ac-NN(6,6)-(lr=2.5e-3)-(86-params)-record-insider-info",classic_NN_6-6,30
139.0,139,9104,CartPole-v1,"CP-ppo-ac-NN(6,6)-(lr=2.5e-3)-(86-params)-record-insider-info",classic_NN_6-6,30
331.0,331,9596,CartPole-v1,"CP-ppo-ac-NN(6,6)-(lr=2.5e-3)-(86-params)-record-insider-info",classic_NN_6-6,30
186.0,186,9692,CartPole-v1,"CP-ppo-ac-NN(6,6)-(lr=2.5e-3)-(86-params)-record-insider-info",classic_NN_6-6,30
171.0,171,9788,CartPole-v1,"CP-ppo-ac-NN(6,6)-(lr=2.5e-3)-(86-params)-record-insider-info",classic_NN_6-6,30
346.0,346,9944,CartPole-v1,"CP-ppo-ac-NN(6,6)-(lr=2.5e-3)-(86-params)-record-insider-info",classic_NN_6-6,30
148.0,148,10188,CartPole-v1,"CP-ppo-ac-NN(6,6)-(lr=2.5e-3)-(86-params)-record-insider-info",classic_NN_6-6,30
176.0,176,10396,CartPole-v1,"CP-ppo-ac-NN(6,6)-(lr=2.5e-3)-(86-params)-record-insider-info",classic_NN_6-6,30
163.0,163,10440,CartPole-v1,"CP-ppo-ac-NN(6,6)-(lr=2.5e-3)-(86-params)-record-insider-info",classic_NN_6-6,30
147.0,147,10532,CartPole-v1,"CP-ppo-ac-NN(6,6)-(lr=2.5e-3)-(86-params)-record-insider-info",classic_NN_6-6,30
133.0,133,10720,CartPole-v1,"CP-ppo-ac-NN(6,6)-(lr=2.5e-3)-(86-params)-record-insider-info",classic_NN_6-6,30
60.0,60,10772,CartPole-v1,"CP-ppo-ac-NN(6,6)-(lr=2.5e-3)-(86-params)-record-insider-info",classic_NN_6-6,30
108.0,108,10872,CartPole-v1,"CP-ppo-ac-NN(6,6)-(lr=2.5e-3)-(86-params)-record-insider-info",classic_NN_6-6,30
142.0,142,10964,CartPole-v1,"CP-ppo-ac-NN(6,6)-(lr=2.5e-3)-(86-params)-record-insider-info",classic_NN_6-6,30
184.0,184,11508,CartPole-v1,"CP-ppo-ac-NN(6,6)-(lr=2.5e-3)-(86-params)-record-insider-info",classic_NN_6-6,30
199.0,199,11668,CartPole-v1,"CP-ppo-ac-NN(6,6)-(lr=2.5e-3)-(86-params)-record-insider-info",classic_NN_6-6,30
200.0,200,11764,CartPole-v1,"CP-ppo-ac-NN(6,6)-(lr=2.5e-3)-(86-params)-record-insider-info",classic_NN_6-6,30
304.0,304,11936,CartPole-v1,"CP-ppo-ac-NN(6,6)-(lr=2.5e-3)-(86-params)-record-insider-info",classic_NN_6-6,30
182.0,182,12396,CartPole-v1,"CP-ppo-ac-NN(6,6)-(lr=2.5e-3)-(86-params)-record-insider-info",classic_NN_6-6,30
260.0,260,12548,CartPole-v1,"CP-ppo-ac-NN(6,6)-(lr=2.5e-3)-(86-params)-record-insider-info",classic_NN_6-6,30
233.0,233,12696,CartPole-v1,"CP-ppo-ac-NN(6,6)-(lr=2.5e-3)-(86-params)-record-insider-info",classic_NN_6-6,30
168.0,168,13220,CartPole-v1,"CP-ppo-ac-NN(6,6)-(lr=2.5e-3)-(86-params)-record-insider-info",classic_NN_6-6,30
213.0,213,13248,CartPole-v1,"CP-ppo-ac-NN(6,6)-(lr=2.5e-3)-(86-params)-record-insider-info",classic_NN_6-6,30
171.0,171,13904,CartPole-v1,"CP-ppo-ac-NN(6,6)-(lr=2.5e-3)-(86-params)-record-insider-info",classic_NN_6-6,30
500.0,500,13936,CartPole-v1,"CP-ppo-ac-NN(6,6)-(lr=2.5e-3)-(86-params)-record-insider-info",classic_NN_6-6,30
315.0,315,13956,CartPole-v1,"CP-ppo-ac-NN(6,6)-(lr=2.5e-3)-(86-params)-record-insider-info",classic_NN_6-6,30
140.0,140,14496,CartPole-v1,"CP-ppo-ac-NN(6,6)-(lr=2.5e-3)-(86-params)-record-insider-info",classic_NN_6-6,30
400.0,400,14848,CartPole-v1,"CP-ppo-ac-NN(6,6)-(lr=2.5e-3)-(86-params)-record-insider-info",classic_NN_6-6,30
189.0,189,15252,CartPole-v1,"CP-ppo-ac-NN(6,6)-(lr=2.5e-3)-(86-params)-record-insider-info",classic_NN_6-6,30
388.0,388,15456,CartPole-v1,"CP-ppo-ac-NN(6,6)-(lr=2.5e-3)-(86-params)-record-insider-info",classic_NN_6-6,30
500.0,500,15956,CartPole-v1,"CP-ppo-ac-NN(6,6)-(lr=2.5e-3)-(86-params)-record-insider-info",classic_NN_6-6,30
500.0,500,16848,CartPole-v1,"CP-ppo-ac-NN(6,6)-(lr=2.5e-3)-(86-params)-record-insider-info",classic_NN_6-6,30
320.0,320,17236,CartPole-v1,"CP-ppo-ac-NN(6,6)-(lr=2.5e-3)-(86-params)-record-insider-info",classic_NN_6-6,30
500.0,500,17252,CartPole-v1,"CP-ppo-ac-NN(6,6)-(lr=2.5e-3)-(86-params)-record-insider-info",classic_NN_6-6,30
450.0,450,17256,CartPole-v1,"CP-ppo-ac-NN(6,6)-(lr=2.5e-3)-(86-params)-record-insider-info",classic_NN_6-6,30
118.0,118,17728,CartPole-v1,"CP-ppo-ac-NN(6,6)-(lr=2.5e-3)-(86-params)-record-insider-info",classic_NN_6-6,30
308.0,308,18468,CartPole-v1,"CP-ppo-ac-NN(6,6)-(lr=2.5e-3)-(86-params)-record-insider-info",classic_NN_6-6,30
346.0,346,18636,CartPole-v1,"CP-ppo-ac-NN(6,6)-(lr=2.5e-3)-(86-params)-record-insider-info",classic_NN_6-6,30
500.0,500,18848,CartPole-v1,"CP-ppo-ac-NN(6,6)-(lr=2.5e-3)-(86-params)-record-insider-info",classic_NN_6-6,30
500.0,500,19728,CartPole-v1,"CP-ppo-ac-NN(6,6)-(lr=2.5e-3)-(86-params)-record-insider-info",classic_NN_6-6,30
442.0,442,20404,CartPole-v1,"CP-ppo-ac-NN(6,6)-(lr=2.5e-3)-(86-params)-record-insider-info",classic_NN_6-6,30
500.0,500,20468,CartPole-v1,"CP-ppo-ac-NN(6,6)-(lr=2.5e-3)-(86-params)-record-insider-info",classic_NN_6-6,30
500.0,500,20848,CartPole-v1,"CP-ppo-ac-NN(6,6)-(lr=2.5e-3)-(86-params)-record-insider-info",classic_NN_6-6,30
144.0,144,21044,CartPole-v1,"CP-ppo-ac-NN(6,6)-(lr=2.5e-3)-(86-params)-record-insider-info",classic_NN_6-6,30
374.0,374,21224,CartPole-v1,"CP-ppo-ac-NN(6,6)-(lr=2.5e-3)-(86-params)-record-insider-info",classic_NN_6-6,30
500.0,500,22404,CartPole-v1,"CP-ppo-ac-NN(6,6)-(lr=2.5e-3)-(86-params)-record-insider-info",classic_NN_6-6,30
500.0,500,22848,CartPole-v1,"CP-ppo-ac-NN(6,6)-(lr=2.5e-3)-(86-params)-record-insider-info",classic_NN_6-6,30
435.0,435,22964,CartPole-v1,"CP-ppo-ac-NN(6,6)-(lr=2.5e-3)-(86-params)-record-insider-info",classic_NN_6-6,30
500.0,500,23044,CartPole-v1,"CP-ppo-ac-NN(6,6)-(lr=2.5e-3)-(86-params)-record-insider-info",classic_NN_6-6,30
122.0,122,23452,CartPole-v1,"CP-ppo-ac-NN(6,6)-(lr=2.5e-3)-(86-params)-record-insider-info",classic_NN_6-6,30
275.0,275,23504,CartPole-v1,"CP-ppo-ac-NN(6,6)-(lr=2.5e-3)-(86-params)-record-insider-info",classic_NN_6-6,30
250.0,250,23848,CartPole-v1,"CP-ppo-ac-NN(6,6)-(lr=2.5e-3)-(86-params)-record-insider-info",classic_NN_6-6,30
167.0,167,24172,CartPole-v1,"CP-ppo-ac-NN(6,6)-(lr=2.5e-3)-(86-params)-record-insider-info",classic_NN_6-6,30
203.0,203,24264,CartPole-v1,"CP-ppo-ac-NN(6,6)-(lr=2.5e-3)-(86-params)-record-insider-info",classic_NN_6-6,30
335.0,335,24384,CartPole-v1,"CP-ppo-ac-NN(6,6)-(lr=2.5e-3)-(86-params)-record-insider-info",classic_NN_6-6,30
184.0,184,24584,CartPole-v1,"CP-ppo-ac-NN(6,6)-(lr=2.5e-3)-(86-params)-record-insider-info",classic_NN_6-6,30
191.0,191,24936,CartPole-v1,"CP-ppo-ac-NN(6,6)-(lr=2.5e-3)-(86-params)-record-insider-info",classic_NN_6-6,30
226.0,226,25168,CartPole-v1,"CP-ppo-ac-NN(6,6)-(lr=2.5e-3)-(86-params)-record-insider-info",classic_NN_6-6,30
196.0,196,25168,CartPole-v1,"CP-ppo-ac-NN(6,6)-(lr=2.5e-3)-(86-params)-record-insider-info",classic_NN_6-6,30
186.0,186,25328,CartPole-v1,"CP-ppo-ac-NN(6,6)-(lr=2.5e-3)-(86-params)-record-insider-info",classic_NN_6-6,30
149.0,149,25764,CartPole-v1,"CP-ppo-ac-NN(6,6)-(lr=2.5e-3)-(86-params)-record-insider-info",classic_NN_6-6,30
232.0,232,25864,CartPole-v1,"CP-ppo-ac-NN(6,6)-(lr=2.5e-3)-(86-params)-record-insider-info",classic_NN_6-6,30
185.0,185,25908,CartPole-v1,"CP-ppo-ac-NN(6,6)-(lr=2.5e-3)-(86-params)-record-insider-info",classic_NN_6-6,30
194.0,194,26104,CartPole-v1,"CP-ppo-ac-NN(6,6)-(lr=2.5e-3)-(86-params)-record-insider-info",classic_NN_6-6,30
189.0,189,26620,CartPole-v1,"CP-ppo-ac-NN(6,6)-(lr=2.5e-3)-(86-params)-record-insider-info",classic_NN_6-6,30
211.0,211,26752,CartPole-v1,"CP-ppo-ac-NN(6,6)-(lr=2.5e-3)-(86-params)-record-insider-info",classic_NN_6-6,30
175.0,175,26804,CartPole-v1,"CP-ppo-ac-NN(6,6)-(lr=2.5e-3)-(86-params)-record-insider-info",classic_NN_6-6,30
300.0,300,26964,CartPole-v1,"CP-ppo-ac-NN(6,6)-(lr=2.5e-3)-(86-params)-record-insider-info",classic_NN_6-6,30
180.0,180,27472,CartPole-v1,"CP-ppo-ac-NN(6,6)-(lr=2.5e-3)-(86-params)-record-insider-info",classic_NN_6-6,30
232.0,232,27548,CartPole-v1,"CP-ppo-ac-NN(6,6)-(lr=2.5e-3)-(86-params)-record-insider-info",classic_NN_6-6,30
212.0,212,27652,CartPole-v1,"CP-ppo-ac-NN(6,6)-(lr=2.5e-3)-(86-params)-record-insider-info",classic_NN_6-6,30
197.0,197,27752,CartPole-v1,"CP-ppo-ac-NN(6,6)-(lr=2.5e-3)-(86-params)-record-insider-info",classic_NN_6-6,30
167.0,167,28216,CartPole-v1,"CP-ppo-ac-NN(6,6)-(lr=2.5e-3)-(86-params)-record-insider-info",classic_NN_6-6,30
225.0,225,28372,CartPole-v1,"CP-ppo-ac-NN(6,6)-(lr=2.5e-3)-(86-params)-record-insider-info",classic_NN_6-6,30
186.0,186,28396,CartPole-v1,"CP-ppo-ac-NN(6,6)-(lr=2.5e-3)-(86-params)-record-insider-info",classic_NN_6-6,30
254.0,254,28768,CartPole-v1,"CP-ppo-ac-NN(6,6)-(lr=2.5e-3)-(86-params)-record-insider-info",classic_NN_6-6,30
197.0,197,29004,CartPole-v1,"CP-ppo-ac-NN(6,6)-(lr=2.5e-3)-(86-params)-record-insider-info",classic_NN_6-6,30
326.0,326,30072,CartPole-v1,"CP-ppo-ac-NN(6,6)-(lr=2.5e-3)-(86-params)-record-insider-info",classic_NN_6-6,30
500.0,500,30372,CartPole-v1,"CP-ppo-ac-NN(6,6)-(lr=2.5e-3)-(86-params)-record-insider-info",classic_NN_6-6,30
500.0,500,30396,CartPole-v1,"CP-ppo-ac-NN(6,6)-(lr=2.5e-3)-(86-params)-record-insider-info",classic_NN_6-6,30
378.0,378,30516,CartPole-v1,"CP-ppo-ac-NN(6,6)-(lr=2.5e-3)-(86-params)-record-insider-info",classic_NN_6-6,30
340.0,340,31432,CartPole-v1,"CP-ppo-ac-NN(6,6)-(lr=2.5e-3)-(86-params)-record-insider-info",classic_NN_6-6,30
265.0,265,31576,CartPole-v1,"CP-ppo-ac-NN(6,6)-(lr=2.5e-3)-(86-params)-record-insider-info",classic_NN_6-6,30
369.0,369,31872,CartPole-v1,"CP-ppo-ac-NN(6,6)-(lr=2.5e-3)-(86-params)-record-insider-info",classic_NN_6-6,30
445.0,445,32152,CartPole-v1,"CP-ppo-ac-NN(6,6)-(lr=2.5e-3)-(86-params)-record-insider-info",classic_NN_6-6,30
225.0,225,32476,CartPole-v1,"CP-ppo-ac-NN(6,6)-(lr=2.5e-3)-(86-params)-record-insider-info",classic_NN_6-6,30
288.0,288,32584,CartPole-v1,"CP-ppo-ac-NN(6,6)-(lr=2.5e-3)-(86-params)-record-insider-info",classic_NN_6-6,30
186.0,186,32616,CartPole-v1,"CP-ppo-ac-NN(6,6)-(lr=2.5e-3)-(86-params)-record-insider-info",classic_NN_6-6,30
204.0,204,32968,CartPole-v1,"CP-ppo-ac-NN(6,6)-(lr=2.5e-3)-(86-params)-record-insider-info",classic_NN_6-6,30
154.0,154,33092,CartPole-v1,"CP-ppo-ac-NN(6,6)-(lr=2.5e-3)-(86-params)-record-insider-info",classic_NN_6-6,30
149.0,149,33180,CartPole-v1,"CP-ppo-ac-NN(6,6)-(lr=2.5e-3)-(86-params)-record-insider-info",classic_NN_6-6,30
175.0,175,33316,CartPole-v1,"CP-ppo-ac-NN(6,6)-(lr=2.5e-3)-(86-params)-record-insider-info",classic_NN_6-6,30
116.0,116,33780,CartPole-v1,"CP-ppo-ac-NN(6,6)-(lr=2.5e-3)-(86-params)-record-insider-info",classic_NN_6-6,30
208.0,208,33800,CartPole-v1,"CP-ppo-ac-NN(6,6)-(lr=2.5e-3)-(86-params)-record-insider-info",classic_NN_6-6,30
196.0,196,33964,CartPole-v1,"CP-ppo-ac-NN(6,6)-(lr=2.5e-3)-(86-params)-record-insider-info",classic_NN_6-6,30
223.0,223,33984,CartPole-v1,"CP-ppo-ac-NN(6,6)-(lr=2.5e-3)-(86-params)-record-insider-info",classic_NN_6-6,30
163.0,163,34452,CartPole-v1,"CP-ppo-ac-NN(6,6)-(lr=2.5e-3)-(86-params)-record-insider-info",classic_NN_6-6,30
152.0,152,34592,CartPole-v1,"CP-ppo-ac-NN(6,6)-(lr=2.5e-3)-(86-params)-record-insider-info",classic_NN_6-6,30
108.0,108,34884,CartPole-v1,"CP-ppo-ac-NN(6,6)-(lr=2.5e-3)-(86-params)-record-insider-info",classic_NN_6-6,30
280.0,280,34900,CartPole-v1,"CP-ppo-ac-NN(6,6)-(lr=2.5e-3)-(86-params)-record-insider-info",classic_NN_6-6,30
241.0,241,34928,CartPole-v1,"CP-ppo-ac-NN(6,6)-(lr=2.5e-3)-(86-params)-record-insider-info",classic_NN_6-6,30
275.0,275,35692,CartPole-v1,"CP-ppo-ac-NN(6,6)-(lr=2.5e-3)-(86-params)-record-insider-info",classic_NN_6-6,30
265.0,265,35988,CartPole-v1,"CP-ppo-ac-NN(6,6)-(lr=2.5e-3)-(86-params)-record-insider-info",classic_NN_6-6,30
294.0,294,36060,CartPole-v1,"CP-ppo-ac-NN(6,6)-(lr=2.5e-3)-(86-params)-record-insider-info",classic_NN_6-6,30
298.0,298,36092,CartPole-v1,"CP-ppo-ac-NN(6,6)-(lr=2.5e-3)-(86-params)-record-insider-info",classic_NN_6-6,30
266.0,266,37124,CartPole-v1,"CP-ppo-ac-NN(6,6)-(lr=2.5e-3)-(86-params)-record-insider-info",classic_NN_6-6,30
294.0,294,37268,CartPole-v1,"CP-ppo-ac-NN(6,6)-(lr=2.5e-3)-(86-params)-record-insider-info",classic_NN_6-6,30
334.0,334,37324,CartPole-v1,"CP-ppo-ac-NN(6,6)-(lr=2.5e-3)-(86-params)-record-insider-info",classic_NN_6-6,30
469.0,469,37568,CartPole-v1,"CP-ppo-ac-NN(6,6)-(lr=2.5e-3)-(86-params)-record-insider-info",classic_NN_6-6,30
180.0,180,37844,CartPole-v1,"CP-ppo-ac-NN(6,6)-(lr=2.5e-3)-(86-params)-record-insider-info",classic_NN_6-6,30
243.0,243,38240,CartPole-v1,"CP-ppo-ac-NN(6,6)-(lr=2.5e-3)-(86-params)-record-insider-info",classic_NN_6-6,30
292.0,292,38492,CartPole-v1,"CP-ppo-ac-NN(6,6)-(lr=2.5e-3)-(86-params)-record-insider-info",classic_NN_6-6,30
231.0,231,38492,CartPole-v1,"CP-ppo-ac-NN(6,6)-(lr=2.5e-3)-(86-params)-record-insider-info",classic_NN_6-6,30
214.0,214,38700,CartPole-v1,"CP-ppo-ac-NN(6,6)-(lr=2.5e-3)-(86-params)-record-insider-info",classic_NN_6-6,30
157.0,157,39120,CartPole-v1,"CP-ppo-ac-NN(6,6)-(lr=2.5e-3)-(86-params)-record-insider-info",classic_NN_6-6,30
240.0,240,39200,CartPole-v1,"CP-ppo-ac-NN(6,6)-(lr=2.5e-3)-(86-params)-record-insider-info",classic_NN_6-6,30
194.0,194,39268,CartPole-v1,"CP-ppo-ac-NN(6,6)-(lr=2.5e-3)-(86-params)-record-insider-info",classic_NN_6-6,30
313.0,313,39952,CartPole-v1,"CP-ppo-ac-NN(6,6)-(lr=2.5e-3)-(86-params)-record-insider-info",classic_NN_6-6,30
244.0,244,40096,CartPole-v1,"CP-ppo-ac-NN(6,6)-(lr=2.5e-3)-(86-params)-record-insider-info",classic_NN_6-6,30
225.0,225,40100,CartPole-v1,"CP-ppo-ac-NN(6,6)-(lr=2.5e-3)-(86-params)-record-insider-info",classic_NN_6-6,30
366.0,366,40732,CartPole-v1,"CP-ppo-ac-NN(6,6)-(lr=2.5e-3)-(86-params)-record-insider-info",classic_NN_6-6,30
195.0,195,40880,CartPole-v1,"CP-ppo-ac-NN(6,6)-(lr=2.5e-3)-(86-params)-record-insider-info",classic_NN_6-6,30
335.0,335,41436,CartPole-v1,"CP-ppo-ac-NN(6,6)-(lr=2.5e-3)-(86-params)-record-insider-info",classic_NN_6-6,30
500.0,500,41952,CartPole-v1,"CP-ppo-ac-NN(6,6)-(lr=2.5e-3)-(86-params)-record-insider-info",classic_NN_6-6,30
377.0,377,42388,CartPole-v1,"CP-ppo-ac-NN(6,6)-(lr=2.5e-3)-(86-params)-record-insider-info",classic_NN_6-6,30
490.0,490,42692,CartPole-v1,"CP-ppo-ac-NN(6,6)-(lr=2.5e-3)-(86-params)-record-insider-info",classic_NN_6-6,30
220.0,220,42832,CartPole-v1,"CP-ppo-ac-NN(6,6)-(lr=2.5e-3)-(86-params)-record-insider-info",classic_NN_6-6,30
500.0,500,43436,CartPole-v1,"CP-ppo-ac-NN(6,6)-(lr=2.5e-3)-(86-params)-record-insider-info",classic_NN_6-6,30
500.0,500,44388,CartPole-v1,"CP-ppo-ac-NN(6,6)-(lr=2.5e-3)-(86-params)-record-insider-info",classic_NN_6-6,30
500.0,500,44692,CartPole-v1,"CP-ppo-ac-NN(6,6)-(lr=2.5e-3)-(86-params)-record-insider-info",classic_NN_6-6,30
500.0,500,44832,CartPole-v1,"CP-ppo-ac-NN(6,6)-(lr=2.5e-3)-(86-params)-record-insider-info",classic_NN_6-6,30
500.0,500,45436,CartPole-v1,"CP-ppo-ac-NN(6,6)-(lr=2.5e-3)-(86-params)-record-insider-info",classic_NN_6-6,30
310.0,310,45932,CartPole-v1,"CP-ppo-ac-NN(6,6)-(lr=2.5e-3)-(86-params)-record-insider-info",classic_NN_6-6,30
328.0,328,46144,CartPole-v1,"CP-ppo-ac-NN(6,6)-(lr=2.5e-3)-(86-params)-record-insider-info",classic_NN_6-6,30
500.0,500,46388,CartPole-v1,"CP-ppo-ac-NN(6,6)-(lr=2.5e-3)-(86-params)-record-insider-info",classic_NN_6-6,30
248.0,248,47380,CartPole-v1,"CP-ppo-ac-NN(6,6)-(lr=2.5e-3)-(86-params)-record-insider-info",classic_NN_6-6,30
500.0,500,47436,CartPole-v1,"CP-ppo-ac-NN(6,6)-(lr=2.5e-3)-(86-params)-record-insider-info",classic_NN_6-6,30
500.0,500,47932,CartPole-v1,"CP-ppo-ac-NN(6,6)-(lr=2.5e-3)-(86-params)-record-insider-info",classic_NN_6-6,30
500.0,500,48144,CartPole-v1,"CP-ppo-ac-NN(6,6)-(lr=2.5e-3)-(86-params)-record-insider-info",classic_NN_6-6,30
371.0,371,48864,CartPole-v1,"CP-ppo-ac-NN(6,6)-(lr=2.5e-3)-(86-params)-record-insider-info",classic_NN_6-6,30
496.0,496,49420,CartPole-v1,"CP-ppo-ac-NN(6,6)-(lr=2.5e-3)-(86-params)-record-insider-info",classic_NN_6-6,30
500.0,500,49932,CartPole-v1,"CP-ppo-ac-NN(6,6)-(lr=2.5e-3)-(86-params)-record-insider-info",classic_NN_6-6,30
500.0,500,50144,CartPole-v1,"CP-ppo-ac-NN(6,6)-(lr=2.5e-3)-(86-params)-record-insider-info",classic_NN_6-6,30
219.0,219,50296,CartPole-v1,"CP-ppo-ac-NN(6,6)-(lr=2.5e-3)-(86-params)-record-insider-info",classic_NN_6-6,30
197.0,197,50720,CartPole-v1,"CP-ppo-ac-NN(6,6)-(lr=2.5e-3)-(86-params)-record-insider-info",classic_NN_6-6,30
477.0,477,50772,CartPole-v1,"CP-ppo-ac-NN(6,6)-(lr=2.5e-3)-(86-params)-record-insider-info",classic_NN_6-6,30
161.0,161,50788,CartPole-v1,"CP-ppo-ac-NN(6,6)-(lr=2.5e-3)-(86-params)-record-insider-info",classic_NN_6-6,30
500.0,500,52296,CartPole-v1,"CP-ppo-ac-NN(6,6)-(lr=2.5e-3)-(86-params)-record-insider-info",classic_NN_6-6,30
500.0,500,52720,CartPole-v1,"CP-ppo-ac-NN(6,6)-(lr=2.5e-3)-(86-params)-record-insider-info",classic_NN_6-6,30
492.0,492,52740,CartPole-v1,"CP-ppo-ac-NN(6,6)-(lr=2.5e-3)-(86-params)-record-insider-info",classic_NN_6-6,30
500.0,500,52788,CartPole-v1,"CP-ppo-ac-NN(6,6)-(lr=2.5e-3)-(86-params)-record-insider-info",classic_NN_6-6,30
372.0,372,54228,CartPole-v1,"CP-ppo-ac-NN(6,6)-(lr=2.5e-3)-(86-params)-record-insider-info",classic_NN_6-6,30
500.0,500,54296,CartPole-v1,"CP-ppo-ac-NN(6,6)-(lr=2.5e-3)-(86-params)-record-insider-info",classic_NN_6-6,30
423.0,423,54412,CartPole-v1,"CP-ppo-ac-NN(6,6)-(lr=2.5e-3)-(86-params)-record-insider-info",classic_NN_6-6,30
500.0,500,54788,CartPole-v1,"CP-ppo-ac-NN(6,6)-(lr=2.5e-3)-(86-params)-record-insider-info",classic_NN_6-6,30
262.0,262,55344,CartPole-v1,"CP-ppo-ac-NN(6,6)-(lr=2.5e-3)-(86-params)-record-insider-info",classic_NN_6-6,30
289.0,289,55568,CartPole-v1,"CP-ppo-ac-NN(6,6)-(lr=2.5e-3)-(86-params)-record-insider-info",classic_NN_6-6,30
463.0,463,56080,CartPole-v1,"CP-ppo-ac-NN(6,6)-(lr=2.5e-3)-(86-params)-record-insider-info",classic_NN_6-6,30
122.0,122,56568,CartPole-v1,"CP-ppo-ac-NN(6,6)-(lr=2.5e-3)-(86-params)-record-insider-info",classic_NN_6-6,30
450.0,450,56588,CartPole-v1,"CP-ppo-ac-NN(6,6)-(lr=2.5e-3)-(86-params)-record-insider-info",classic_NN_6-6,30
500.0,500,57344,CartPole-v1,"CP-ppo-ac-NN(6,6)-(lr=2.5e-3)-(86-params)-record-insider-info",classic_NN_6-6,30
500.0,500,57568,CartPole-v1,"CP-ppo-ac-NN(6,6)-(lr=2.5e-3)-(86-params)-record-insider-info",classic_NN_6-6,30
157.0,157,58196,CartPole-v1,"CP-ppo-ac-NN(6,6)-(lr=2.5e-3)-(86-params)-record-insider-info",classic_NN_6-6,30
500.0,500,58568,CartPole-v1,"CP-ppo-ac-NN(6,6)-(lr=2.5e-3)-(86-params)-record-insider-info",classic_NN_6-6,30
500.0,500,58588,CartPole-v1,"CP-ppo-ac-NN(6,6)-(lr=2.5e-3)-(86-params)-record-insider-info",classic_NN_6-6,30
500.0,500,59344,CartPole-v1,"CP-ppo-ac-NN(6,6)-(lr=2.5e-3)-(86-params)-record-insider-info",classic_NN_6-6,30
232.0,232,59496,CartPole-v1,"CP-ppo-ac-NN(6,6)-(lr=2.5e-3)-(86-params)-record-insider-info",classic_NN_6-6,30
500.0,500,60196,CartPole-v1,"CP-ppo-ac-NN(6,6)-(lr=2.5e-3)-(86-params)-record-insider-info",classic_NN_6-6,30
500.0,500,60588,CartPole-v1,"CP-ppo-ac-NN(6,6)-(lr=2.5e-3)-(86-params)-record-insider-info",classic_NN_6-6,30
394.0,394,60920,CartPole-v1,"CP-ppo-ac-NN(6,6)-(lr=2.5e-3)-(86-params)-record-insider-info",classic_NN_6-6,30
282.0,282,61324,CartPole-v1,"CP-ppo-ac-NN(6,6)-(lr=2.5e-3)-(86-params)-record-insider-info",classic_NN_6-6,30
500.0,500,61496,CartPole-v1,"CP-ppo-ac-NN(6,6)-(lr=2.5e-3)-(86-params)-record-insider-info",classic_NN_6-6,30
500.0,500,62588,CartPole-v1,"CP-ppo-ac-NN(6,6)-(lr=2.5e-3)-(86-params)-record-insider-info",classic_NN_6-6,30
500.0,500,62920,CartPole-v1,"CP-ppo-ac-NN(6,6)-(lr=2.5e-3)-(86-params)-record-insider-info",classic_NN_6-6,30
500.0,500,63324,CartPole-v1,"CP-ppo-ac-NN(6,6)-(lr=2.5e-3)-(86-params)-record-insider-info",classic_NN_6-6,30
500.0,500,63496,CartPole-v1,"CP-ppo-ac-NN(6,6)-(lr=2.5e-3)-(86-params)-record-insider-info",classic_NN_6-6,30
500.0,500,64588,CartPole-v1,"CP-ppo-ac-NN(6,6)-(lr=2.5e-3)-(86-params)-record-insider-info",classic_NN_6-6,30
475.0,475,64820,CartPole-v1,"CP-ppo-ac-NN(6,6)-(lr=2.5e-3)-(86-params)-record-insider-info",classic_NN_6-6,30
417.0,417,64992,CartPole-v1,"CP-ppo-ac-NN(6,6)-(lr=2.5e-3)-(86-params)-record-insider-info",classic_NN_6-6,30
374.0,374,64992,CartPole-v1,"CP-ppo-ac-NN(6,6)-(lr=2.5e-3)-(86-params)-record-insider-info",classic_NN_6-6,30
204.0,204,65808,CartPole-v1,"CP-ppo-ac-NN(6,6)-(lr=2.5e-3)-(86-params)-record-insider-info",classic_NN_6-6,30
308.0,308,65820,CartPole-v1,"CP-ppo-ac-NN(6,6)-(lr=2.5e-3)-(86-params)-record-insider-info",classic_NN_6-6,30
257.0,257,65848,CartPole-v1,"CP-ppo-ac-NN(6,6)-(lr=2.5e-3)-(86-params)-record-insider-info",classic_NN_6-6,30
341.0,341,66356,CartPole-v1,"CP-ppo-ac-NN(6,6)-(lr=2.5e-3)-(86-params)-record-insider-info",classic_NN_6-6,30
313.0,313,67100,CartPole-v1,"CP-ppo-ac-NN(6,6)-(lr=2.5e-3)-(86-params)-record-insider-info",classic_NN_6-6,30
334.0,334,67144,CartPole-v1,"CP-ppo-ac-NN(6,6)-(lr=2.5e-3)-(86-params)-record-insider-info",classic_NN_6-6,30
379.0,379,67336,CartPole-v1,"CP-ppo-ac-NN(6,6)-(lr=2.5e-3)-(86-params)-record-insider-info",classic_NN_6-6,30
500.0,500,68356,CartPole-v1,"CP-ppo-ac-NN(6,6)-(lr=2.5e-3)-(86-params)-record-insider-info",classic_NN_6-6,30
500.0,500,69100,CartPole-v1,"CP-ppo-ac-NN(6,6)-(lr=2.5e-3)-(86-params)-record-insider-info",classic_NN_6-6,30
500.0,500,69144,CartPole-v1,"CP-ppo-ac-NN(6,6)-(lr=2.5e-3)-(86-params)-record-insider-info",classic_NN_6-6,30
500.0,500,69336,CartPole-v1,"CP-ppo-ac-NN(6,6)-(lr=2.5e-3)-(86-params)-record-insider-info",classic_NN_6-6,30
500.0,500,70356,CartPole-v1,"CP-ppo-ac-NN(6,6)-(lr=2.5e-3)-(86-params)-record-insider-info",classic_NN_6-6,30
500.0,500,71100,CartPole-v1,"CP-ppo-ac-NN(6,6)-(lr=2.5e-3)-(86-params)-record-insider-info",classic_NN_6-6,30
500.0,500,71144,CartPole-v1,"CP-ppo-ac-NN(6,6)-(lr=2.5e-3)-(86-params)-record-insider-info",classic_NN_6-6,30
500.0,500,71336,CartPole-v1,"CP-ppo-ac-NN(6,6)-(lr=2.5e-3)-(86-params)-record-insider-info",classic_NN_6-6,30
500.0,500,72356,CartPole-v1,"CP-ppo-ac-NN(6,6)-(lr=2.5e-3)-(86-params)-record-insider-info",classic_NN_6-6,30
500.0,500,73100,CartPole-v1,"CP-ppo-ac-NN(6,6)-(lr=2.5e-3)-(86-params)-record-insider-info",classic_NN_6-6,30
500.0,500,73144,CartPole-v1,"CP-ppo-ac-NN(6,6)-(lr=2.5e-3)-(86-params)-record-insider-info",classic_NN_6-6,30
500.0,500,73336,CartPole-v1,"CP-ppo-ac-NN(6,6)-(lr=2.5e-3)-(86-params)-record-insider-info",classic_NN_6-6,30
500.0,500,74356,CartPole-v1,"CP-ppo-ac-NN(6,6)-(lr=2.5e-3)-(86-params)-record-insider-info",classic_NN_6-6,30
500.0,500,75100,CartPole-v1,"CP-ppo-ac-NN(6,6)-(lr=2.5e-3)-(86-params)-record-insider-info",classic_NN_6-6,30
500.0,500,75144,CartPole-v1,"CP-ppo-ac-NN(6,6)-(lr=2.5e-3)-(86-params)-record-insider-info",classic_NN_6-6,30
500.0,500,75336,CartPole-v1,"CP-ppo-ac-NN(6,6)-(lr=2.5e-3)-(86-params)-record-insider-info",classic_NN_6-6,30
500.0,500,76356,CartPole-v1,"CP-ppo-ac-NN(6,6)-(lr=2.5e-3)-(86-params)-record-insider-info",classic_NN_6-6,30
500.0,500,77100,CartPole-v1,"CP-ppo-ac-NN(6,6)-(lr=2.5e-3)-(86-params)-record-insider-info",classic_NN_6-6,30
500.0,500,77144,CartPole-v1,"CP-ppo-ac-NN(6,6)-(lr=2.5e-3)-(86-params)-record-insider-info",classic_NN_6-6,30
202.0,202,77164,CartPole-v1,"CP-ppo-ac-NN(6,6)-(lr=2.5e-3)-(86-params)-record-insider-info",classic_NN_6-6,30
500.0,500,77336,CartPole-v1,"CP-ppo-ac-NN(6,6)-(lr=2.5e-3)-(86-params)-record-insider-info",classic_NN_6-6,30
500.0,500,79100,CartPole-v1,"CP-ppo-ac-NN(6,6)-(lr=2.5e-3)-(86-params)-record-insider-info",classic_NN_6-6,30
500.0,500,79144,CartPole-v1,"CP-ppo-ac-NN(6,6)-(lr=2.5e-3)-(86-params)-record-insider-info",classic_NN_6-6,30
500.0,500,79164,CartPole-v1,"CP-ppo-ac-NN(6,6)-(lr=2.5e-3)-(86-params)-record-insider-info",classic_NN_6-6,30
500.0,500,79336,CartPole-v1,"CP-ppo-ac-NN(6,6)-(lr=2.5e-3)-(86-params)-record-insider-info",classic_NN_6-6,30
332.0,332,80428,CartPole-v1,"CP-ppo-ac-NN(6,6)-(lr=2.5e-3)-(86-params)-record-insider-info",classic_NN_6-6,30
500.0,500,81144,CartPole-v1,"CP-ppo-ac-NN(6,6)-(lr=2.5e-3)-(86-params)-record-insider-info",classic_NN_6-6,30
500.0,500,81164,CartPole-v1,"CP-ppo-ac-NN(6,6)-(lr=2.5e-3)-(86-params)-record-insider-info",classic_NN_6-6,30
500.0,500,81336,CartPole-v1,"CP-ppo-ac-NN(6,6)-(lr=2.5e-3)-(86-params)-record-insider-info",classic_NN_6-6,30
500.0,500,82428,CartPole-v1,"CP-ppo-ac-NN(6,6)-(lr=2.5e-3)-(86-params)-record-insider-info",classic_NN_6-6,30
274.0,274,82432,CartPole-v1,"CP-ppo-ac-NN(6,6)-(lr=2.5e-3)-(86-params)-record-insider-info",classic_NN_6-6,30
420.0,420,82844,CartPole-v1,"CP-ppo-ac-NN(6,6)-(lr=2.5e-3)-(86-params)-record-insider-info",classic_NN_6-6,30
500.0,500,83144,CartPole-v1,"CP-ppo-ac-NN(6,6)-(lr=2.5e-3)-(86-params)-record-insider-info",classic_NN_6-6,30
223.0,223,83324,CartPole-v1,"CP-ppo-ac-NN(6,6)-(lr=2.5e-3)-(86-params)-record-insider-info",classic_NN_6-6,30
378.0,378,84356,CartPole-v1,"CP-ppo-ac-NN(6,6)-(lr=2.5e-3)-(86-params)-record-insider-info",classic_NN_6-6,30
500.0,500,84428,CartPole-v1,"CP-ppo-ac-NN(6,6)-(lr=2.5e-3)-(86-params)-record-insider-info",classic_NN_6-6,30
441.0,441,84908,CartPole-v1,"CP-ppo-ac-NN(6,6)-(lr=2.5e-3)-(86-params)-record-insider-info",classic_NN_6-6,30
500.0,500,85324,CartPole-v1,"CP-ppo-ac-NN(6,6)-(lr=2.5e-3)-(86-params)-record-insider-info",classic_NN_6-6,30
500.0,500,86356,CartPole-v1,"CP-ppo-ac-NN(6,6)-(lr=2.5e-3)-(86-params)-record-insider-info",classic_NN_6-6,30
500.0,500,86428,CartPole-v1,"CP-ppo-ac-NN(6,6)-(lr=2.5e-3)-(86-params)-record-insider-info",classic_NN_6-6,30
500.0,500,86908,CartPole-v1,"CP-ppo-ac-NN(6,6)-(lr=2.5e-3)-(86-params)-record-insider-info",classic_NN_6-6,30
500.0,500,87324,CartPole-v1,"CP-ppo-ac-NN(6,6)-(lr=2.5e-3)-(86-params)-record-insider-info",classic_NN_6-6,30
500.0,500,88356,CartPole-v1,"CP-ppo-ac-NN(6,6)-(lr=2.5e-3)-(86-params)-record-insider-info",classic_NN_6-6,30
500.0,500,88428,CartPole-v1,"CP-ppo-ac-NN(6,6)-(lr=2.5e-3)-(86-params)-record-insider-info",classic_NN_6-6,30
500.0,500,88908,CartPole-v1,"CP-ppo-ac-NN(6,6)-(lr=2.5e-3)-(86-params)-record-insider-info",classic_NN_6-6,30
500.0,500,89324,CartPole-v1,"CP-ppo-ac-NN(6,6)-(lr=2.5e-3)-(86-params)-record-insider-info",classic_NN_6-6,30
191.0,191,90088,CartPole-v1,"CP-ppo-ac-NN(6,6)-(lr=2.5e-3)-(86-params)-record-insider-info",classic_NN_6-6,30
446.0,446,90212,CartPole-v1,"CP-ppo-ac-NN(6,6)-(lr=2.5e-3)-(86-params)-record-insider-info",classic_NN_6-6,30
500.0,500,90356,CartPole-v1,"CP-ppo-ac-NN(6,6)-(lr=2.5e-3)-(86-params)-record-insider-info",classic_NN_6-6,30
500.0,500,90908,CartPole-v1,"CP-ppo-ac-NN(6,6)-(lr=2.5e-3)-(86-params)-record-insider-info",classic_NN_6-6,30
182.0,182,91084,CartPole-v1,"CP-ppo-ac-NN(6,6)-(lr=2.5e-3)-(86-params)-record-insider-info",classic_NN_6-6,30
320.0,320,91368,CartPole-v1,"CP-ppo-ac-NN(6,6)-(lr=2.5e-3)-(86-params)-record-insider-info",classic_NN_6-6,30
144.0,144,91660,CartPole-v1,"CP-ppo-ac-NN(6,6)-(lr=2.5e-3)-(86-params)-record-insider-info",classic_NN_6-6,30
376.0,376,91716,CartPole-v1,"CP-ppo-ac-NN(6,6)-(lr=2.5e-3)-(86-params)-record-insider-info",classic_NN_6-6,30
280.0,280,92028,CartPole-v1,"CP-ppo-ac-NN(6,6)-(lr=2.5e-3)-(86-params)-record-insider-info",classic_NN_6-6,30
177.0,177,92076,CartPole-v1,"CP-ppo-ac-NN(6,6)-(lr=2.5e-3)-(86-params)-record-insider-info",classic_NN_6-6,30
250.0,250,92716,CartPole-v1,"CP-ppo-ac-NN(6,6)-(lr=2.5e-3)-(86-params)-record-insider-info",classic_NN_6-6,30
184.0,184,92764,CartPole-v1,"CP-ppo-ac-NN(6,6)-(lr=2.5e-3)-(86-params)-record-insider-info",classic_NN_6-6,30
287.0,287,92808,CartPole-v1,"CP-ppo-ac-NN(6,6)-(lr=2.5e-3)-(86-params)-record-insider-info",classic_NN_6-6,30
196.0,196,92860,CartPole-v1,"CP-ppo-ac-NN(6,6)-(lr=2.5e-3)-(86-params)-record-insider-info",classic_NN_6-6,30
276.0,276,93820,CartPole-v1,"CP-ppo-ac-NN(6,6)-(lr=2.5e-3)-(86-params)-record-insider-info",classic_NN_6-6,30
500.0,500,94764,CartPole-v1,"CP-ppo-ac-NN(6,6)-(lr=2.5e-3)-(86-params)-record-insider-info",classic_NN_6-6,30
500.0,500,94808,CartPole-v1,"CP-ppo-ac-NN(6,6)-(lr=2.5e-3)-(86-params)-record-insider-info",classic_NN_6-6,30
500.0,500,94860,CartPole-v1,"CP-ppo-ac-NN(6,6)-(lr=2.5e-3)-(86-params)-record-insider-info",classic_NN_6-6,30
500.0,500,95820,CartPole-v1,"CP-ppo-ac-NN(6,6)-(lr=2.5e-3)-(86-params)-record-insider-info",classic_NN_6-6,30
377.0,377,96316,CartPole-v1,"CP-ppo-ac-NN(6,6)-(lr=2.5e-3)-(86-params)-record-insider-info",classic_NN_6-6,30
500.0,500,96764,CartPole-v1,"CP-ppo-ac-NN(6,6)-(lr=2.5e-3)-(86-params)-record-insider-info",classic_NN_6-6,30
500.0,500,96860,CartPole-v1,"CP-ppo-ac-NN(6,6)-(lr=2.5e-3)-(86-params)-record-insider-info",classic_NN_6-6,30
500.0,500,97820,CartPole-v1,"CP-ppo-ac-NN(6,6)-(lr=2.5e-3)-(86-params)-record-insider-info",classic_NN_6-6,30
500.0,500,98316,CartPole-v1,"CP-ppo-ac-NN(6,6)-(lr=2.5e-3)-(86-params)-record-insider-info",classic_NN_6-6,30
500.0,500,98764,CartPole-v1,"CP-ppo-ac-NN(6,6)-(lr=2.5e-3)-(86-params)-record-insider-info",classic_NN_6-6,30
500.0,500,98860,CartPole-v1,"CP-ppo-ac-NN(6,6)-(lr=2.5e-3)-(86-params)-record-insider-info",classic_NN_6-6,30
500.0,500,99820,CartPole-v1,"CP-ppo-ac-NN(6,6)-(lr=2.5e-3)-(86-params)-record-insider-info",classic_NN_6-6,30
500.0,500,100316,CartPole-v1,"CP-ppo-ac-NN(6,6)-(lr=2.5e-3)-(86-params)-record-insider-info",classic_NN_6-6,30
500.0,500,100764,CartPole-v1,"CP-ppo-ac-NN(6,6)-(lr=2.5e-3)-(86-params)-record-insider-info",classic_NN_6-6,30
500.0,500,100860,CartPole-v1,"CP-ppo-ac-NN(6,6)-(lr=2.5e-3)-(86-params)-record-insider-info",classic_NN_6-6,30
500.0,500,101820,CartPole-v1,"CP-ppo-ac-NN(6,6)-(lr=2.5e-3)-(86-params)-record-insider-info",classic_NN_6-6,30
500.0,500,102316,CartPole-v1,"CP-ppo-ac-NN(6,6)-(lr=2.5e-3)-(86-params)-record-insider-info",classic_NN_6-6,30
500.0,500,102764,CartPole-v1,"CP-ppo-ac-NN(6,6)-(lr=2.5e-3)-(86-params)-record-insider-info",classic_NN_6-6,30
500.0,500,102860,CartPole-v1,"CP-ppo-ac-NN(6,6)-(lr=2.5e-3)-(86-params)-record-insider-info",classic_NN_6-6,30
500.0,500,103820,CartPole-v1,"CP-ppo-ac-NN(6,6)-(lr=2.5e-3)-(86-params)-record-insider-info",classic_NN_6-6,30
500.0,500,104316,CartPole-v1,"CP-ppo-ac-NN(6,6)-(lr=2.5e-3)-(86-params)-record-insider-info",classic_NN_6-6,30
500.0,500,104764,CartPole-v1,"CP-ppo-ac-NN(6,6)-(lr=2.5e-3)-(86-params)-record-insider-info",classic_NN_6-6,30
500.0,500,104860,CartPole-v1,"CP-ppo-ac-NN(6,6)-(lr=2.5e-3)-(86-params)-record-insider-info",classic_NN_6-6,30
500.0,500,105820,CartPole-v1,"CP-ppo-ac-NN(6,6)-(lr=2.5e-3)-(86-params)-record-insider-info",classic_NN_6-6,30
500.0,500,106316,CartPole-v1,"CP-ppo-ac-NN(6,6)-(lr=2.5e-3)-(86-params)-record-insider-info",classic_NN_6-6,30
500.0,500,106764,CartPole-v1,"CP-ppo-ac-NN(6,6)-(lr=2.5e-3)-(86-params)-record-insider-info",classic_NN_6-6,30
500.0,500,106860,CartPole-v1,"CP-ppo-ac-NN(6,6)-(lr=2.5e-3)-(86-params)-record-insider-info",classic_NN_6-6,30
500.0,500,107820,CartPole-v1,"CP-ppo-ac-NN(6,6)-(lr=2.5e-3)-(86-params)-record-insider-info",classic_NN_6-6,30
500.0,500,108316,CartPole-v1,"CP-ppo-ac-NN(6,6)-(lr=2.5e-3)-(86-params)-record-insider-info",classic_NN_6-6,30
500.0,500,108764,CartPole-v1,"CP-ppo-ac-NN(6,6)-(lr=2.5e-3)-(86-params)-record-insider-info",classic_NN_6-6,30
500.0,500,108860,CartPole-v1,"CP-ppo-ac-NN(6,6)-(lr=2.5e-3)-(86-params)-record-insider-info",classic_NN_6-6,30
146.0,146,108900,CartPole-v1,"CP-ppo-ac-NN(6,6)-(lr=2.5e-3)-(86-params)-record-insider-info",classic_NN_6-6,30
500.0,500,109820,CartPole-v1,"CP-ppo-ac-NN(6,6)-(lr=2.5e-3)-(86-params)-record-insider-info",classic_NN_6-6,30
500.0,500,110764,CartPole-v1,"CP-ppo-ac-NN(6,6)-(lr=2.5e-3)-(86-params)-record-insider-info",classic_NN_6-6,30
255.0,255,110840,CartPole-v1,"CP-ppo-ac-NN(6,6)-(lr=2.5e-3)-(86-params)-record-insider-info",classic_NN_6-6,30
500.0,500,110860,CartPole-v1,"CP-ppo-ac-NN(6,6)-(lr=2.5e-3)-(86-params)-record-insider-info",classic_NN_6-6,30
500.0,500,110900,CartPole-v1,"CP-ppo-ac-NN(6,6)-(lr=2.5e-3)-(86-params)-record-insider-info",classic_NN_6-6,30
178.0,178,111552,CartPole-v1,"CP-ppo-ac-NN(6,6)-(lr=2.5e-3)-(86-params)-record-insider-info",classic_NN_6-6,30
500.0,500,112764,CartPole-v1,"CP-ppo-ac-NN(6,6)-(lr=2.5e-3)-(86-params)-record-insider-info",classic_NN_6-6,30
500.0,500,112860,CartPole-v1,"CP-ppo-ac-NN(6,6)-(lr=2.5e-3)-(86-params)-record-insider-info",classic_NN_6-6,30
500.0,500,112900,CartPole-v1,"CP-ppo-ac-NN(6,6)-(lr=2.5e-3)-(86-params)-record-insider-info",classic_NN_6-6,30
72.0,72,113188,CartPole-v1,"CP-ppo-ac-NN(6,6)-(lr=2.5e-3)-(86-params)-record-insider-info",classic_NN_6-6,30
500.0,500,113552,CartPole-v1,"CP-ppo-ac-NN(6,6)-(lr=2.5e-3)-(86-params)-record-insider-info",classic_NN_6-6,30
500.0,500,114764,CartPole-v1,"CP-ppo-ac-NN(6,6)-(lr=2.5e-3)-(86-params)-record-insider-info",classic_NN_6-6,30
500.0,500,114860,CartPole-v1,"CP-ppo-ac-NN(6,6)-(lr=2.5e-3)-(86-params)-record-insider-info",classic_NN_6-6,30
500.0,500,115188,CartPole-v1,"CP-ppo-ac-NN(6,6)-(lr=2.5e-3)-(86-params)-record-insider-info",classic_NN_6-6,30
500.0,500,115552,CartPole-v1,"CP-ppo-ac-NN(6,6)-(lr=2.5e-3)-(86-params)-record-insider-info",classic_NN_6-6,30
500.0,500,116764,CartPole-v1,"CP-ppo-ac-NN(6,6)-(lr=2.5e-3)-(86-params)-record-insider-info",classic_NN_6-6,30
500.0,500,116860,CartPole-v1,"CP-ppo-ac-NN(6,6)-(lr=2.5e-3)-(86-params)-record-insider-info",classic_NN_6-6,30
500.0,500,117188,CartPole-v1,"CP-ppo-ac-NN(6,6)-(lr=2.5e-3)-(86-params)-record-insider-info",classic_NN_6-6,30
500.0,500,117552,CartPole-v1,"CP-ppo-ac-NN(6,6)-(lr=2.5e-3)-(86-params)-record-insider-info",classic_NN_6-6,30
500.0,500,118764,CartPole-v1,"CP-ppo-ac-NN(6,6)-(lr=2.5e-3)-(86-params)-record-insider-info",classic_NN_6-6,30
500.0,500,118860,CartPole-v1,"CP-ppo-ac-NN(6,6)-(lr=2.5e-3)-(86-params)-record-insider-info",classic_NN_6-6,30
500.0,500,119188,CartPole-v1,"CP-ppo-ac-NN(6,6)-(lr=2.5e-3)-(86-params)-record-insider-info",classic_NN_6-6,30
500.0,500,119552,CartPole-v1,"CP-ppo-ac-NN(6,6)-(lr=2.5e-3)-(86-params)-record-insider-info",classic_NN_6-6,30
500.0,500,120764,CartPole-v1,"CP-ppo-ac-NN(6,6)-(lr=2.5e-3)-(86-params)-record-insider-info",classic_NN_6-6,30
500.0,500,120860,CartPole-v1,"CP-ppo-ac-NN(6,6)-(lr=2.5e-3)-(86-params)-record-insider-info",classic_NN_6-6,30
500.0,500,121188,CartPole-v1,"CP-ppo-ac-NN(6,6)-(lr=2.5e-3)-(86-params)-record-insider-info",classic_NN_6-6,30
500.0,500,121552,CartPole-v1,"CP-ppo-ac-NN(6,6)-(lr=2.5e-3)-(86-params)-record-insider-info",classic_NN_6-6,30
500.0,500,122764,CartPole-v1,"CP-ppo-ac-NN(6,6)-(lr=2.5e-3)-(86-params)-record-insider-info",classic_NN_6-6,30
500.0,500,122860,CartPole-v1,"CP-ppo-ac-NN(6,6)-(lr=2.5e-3)-(86-params)-record-insider-info",classic_NN_6-6,30
500.0,500,123188,CartPole-v1,"CP-ppo-ac-NN(6,6)-(lr=2.5e-3)-(86-params)-record-insider-info",classic_NN_6-6,30
500.0,500,123552,CartPole-v1,"CP-ppo-ac-NN(6,6)-(lr=2.5e-3)-(86-params)-record-insider-info",classic_NN_6-6,30
500.0,500,124764,CartPole-v1,"CP-ppo-ac-NN(6,6)-(lr=2.5e-3)-(86-params)-record-insider-info",classic_NN_6-6,30
500.0,500,124860,CartPole-v1,"CP-ppo-ac-NN(6,6)-(lr=2.5e-3)-(86-params)-record-insider-info",classic_NN_6-6,30
500.0,500,125188,CartPole-v1,"CP-ppo-ac-NN(6,6)-(lr=2.5e-3)-(86-params)-record-insider-info",classic_NN_6-6,30
500.0,500,125552,CartPole-v1,"CP-ppo-ac-NN(6,6)-(lr=2.5e-3)-(86-params)-record-insider-info",classic_NN_6-6,30
500.0,500,126764,CartPole-v1,"CP-ppo-ac-NN(6,6)-(lr=2.5e-3)-(86-params)-record-insider-info",classic_NN_6-6,30
500.0,500,126860,CartPole-v1,"CP-ppo-ac-NN(6,6)-(lr=2.5e-3)-(86-params)-record-insider-info",classic_NN_6-6,30
500.0,500,127188,CartPole-v1,"CP-ppo-ac-NN(6,6)-(lr=2.5e-3)-(86-params)-record-insider-info",classic_NN_6-6,30
500.0,500,127552,CartPole-v1,"CP-ppo-ac-NN(6,6)-(lr=2.5e-3)-(86-params)-record-insider-info",classic_NN_6-6,30
500.0,500,128764,CartPole-v1,"CP-ppo-ac-NN(6,6)-(lr=2.5e-3)-(86-params)-record-insider-info",classic_NN_6-6,30
500.0,500,128860,CartPole-v1,"CP-ppo-ac-NN(6,6)-(lr=2.5e-3)-(86-params)-record-insider-info",classic_NN_6-6,30
500.0,500,129188,CartPole-v1,"CP-ppo-ac-NN(6,6)-(lr=2.5e-3)-(86-params)-record-insider-info",classic_NN_6-6,30
500.0,500,129552,CartPole-v1,"CP-ppo-ac-NN(6,6)-(lr=2.5e-3)-(86-params)-record-insider-info",classic_NN_6-6,30
500.0,500,130764,CartPole-v1,"CP-ppo-ac-NN(6,6)-(lr=2.5e-3)-(86-params)-record-insider-info",classic_NN_6-6,30
500.0,500,130860,CartPole-v1,"CP-ppo-ac-NN(6,6)-(lr=2.5e-3)-(86-params)-record-insider-info",classic_NN_6-6,30
500.0,500,131188,CartPole-v1,"CP-ppo-ac-NN(6,6)-(lr=2.5e-3)-(86-params)-record-insider-info",classic_NN_6-6,30
500.0,500,131552,CartPole-v1,"CP-ppo-ac-NN(6,6)-(lr=2.5e-3)-(86-params)-record-insider-info",classic_NN_6-6,30
500.0,500,132764,CartPole-v1,"CP-ppo-ac-NN(6,6)-(lr=2.5e-3)-(86-params)-record-insider-info",classic_NN_6-6,30
500.0,500,132860,CartPole-v1,"CP-ppo-ac-NN(6,6)-(lr=2.5e-3)-(86-params)-record-insider-info",classic_NN_6-6,30
500.0,500,133188,CartPole-v1,"CP-ppo-ac-NN(6,6)-(lr=2.5e-3)-(86-params)-record-insider-info",classic_NN_6-6,30
500.0,500,133552,CartPole-v1,"CP-ppo-ac-NN(6,6)-(lr=2.5e-3)-(86-params)-record-insider-info",classic_NN_6-6,30
500.0,500,134764,CartPole-v1,"CP-ppo-ac-NN(6,6)-(lr=2.5e-3)-(86-params)-record-insider-info",classic_NN_6-6,30
500.0,500,134860,CartPole-v1,"CP-ppo-ac-NN(6,6)-(lr=2.5e-3)-(86-params)-record-insider-info",classic_NN_6-6,30
500.0,500,135188,CartPole-v1,"CP-ppo-ac-NN(6,6)-(lr=2.5e-3)-(86-params)-record-insider-info",classic_NN_6-6,30
500.0,500,135552,CartPole-v1,"CP-ppo-ac-NN(6,6)-(lr=2.5e-3)-(86-params)-record-insider-info",classic_NN_6-6,30
500.0,500,136764,CartPole-v1,"CP-ppo-ac-NN(6,6)-(lr=2.5e-3)-(86-params)-record-insider-info",classic_NN_6-6,30
500.0,500,136860,CartPole-v1,"CP-ppo-ac-NN(6,6)-(lr=2.5e-3)-(86-params)-record-insider-info",classic_NN_6-6,30
500.0,500,137188,CartPole-v1,"CP-ppo-ac-NN(6,6)-(lr=2.5e-3)-(86-params)-record-insider-info",classic_NN_6-6,30
500.0,500,137552,CartPole-v1,"CP-ppo-ac-NN(6,6)-(lr=2.5e-3)-(86-params)-record-insider-info",classic_NN_6-6,30
500.0,500,138764,CartPole-v1,"CP-ppo-ac-NN(6,6)-(lr=2.5e-3)-(86-params)-record-insider-info",classic_NN_6-6,30
500.0,500,138860,CartPole-v1,"CP-ppo-ac-NN(6,6)-(lr=2.5e-3)-(86-params)-record-insider-info",classic_NN_6-6,30
500.0,500,139188,CartPole-v1,"CP-ppo-ac-NN(6,6)-(lr=2.5e-3)-(86-params)-record-insider-info",classic_NN_6-6,30
500.0,500,139552,CartPole-v1,"CP-ppo-ac-NN(6,6)-(lr=2.5e-3)-(86-params)-record-insider-info",classic_NN_6-6,30
500.0,500,140764,CartPole-v1,"CP-ppo-ac-NN(6,6)-(lr=2.5e-3)-(86-params)-record-insider-info",classic_NN_6-6,30
500.0,500,140860,CartPole-v1,"CP-ppo-ac-NN(6,6)-(lr=2.5e-3)-(86-params)-record-insider-info",classic_NN_6-6,30
500.0,500,141188,CartPole-v1,"CP-ppo-ac-NN(6,6)-(lr=2.5e-3)-(86-params)-record-insider-info",classic_NN_6-6,30
500.0,500,141552,CartPole-v1,"CP-ppo-ac-NN(6,6)-(lr=2.5e-3)-(86-params)-record-insider-info",classic_NN_6-6,30
500.0,500,142764,CartPole-v1,"CP-ppo-ac-NN(6,6)-(lr=2.5e-3)-(86-params)-record-insider-info",classic_NN_6-6,30
500.0,500,142860,CartPole-v1,"CP-ppo-ac-NN(6,6)-(lr=2.5e-3)-(86-params)-record-insider-info",classic_NN_6-6,30
500.0,500,143188,CartPole-v1,"CP-ppo-ac-NN(6,6)-(lr=2.5e-3)-(86-params)-record-insider-info",classic_NN_6-6,30
500.0,500,143552,CartPole-v1,"CP-ppo-ac-NN(6,6)-(lr=2.5e-3)-(86-params)-record-insider-info",classic_NN_6-6,30
500.0,500,144764,CartPole-v1,"CP-ppo-ac-NN(6,6)-(lr=2.5e-3)-(86-params)-record-insider-info",classic_NN_6-6,30
500.0,500,144860,CartPole-v1,"CP-ppo-ac-NN(6,6)-(lr=2.5e-3)-(86-params)-record-insider-info",classic_NN_6-6,30
500.0,500,145188,CartPole-v1,"CP-ppo-ac-NN(6,6)-(lr=2.5e-3)-(86-params)-record-insider-info",classic_NN_6-6,30
500.0,500,145552,CartPole-v1,"CP-ppo-ac-NN(6,6)-(lr=2.5e-3)-(86-params)-record-insider-info",classic_NN_6-6,30
500.0,500,146764,CartPole-v1,"CP-ppo-ac-NN(6,6)-(lr=2.5e-3)-(86-params)-record-insider-info",classic_NN_6-6,30
500.0,500,146860,CartPole-v1,"CP-ppo-ac-NN(6,6)-(lr=2.5e-3)-(86-params)-record-insider-info",classic_NN_6-6,30
500.0,500,147188,CartPole-v1,"CP-ppo-ac-NN(6,6)-(lr=2.5e-3)-(86-params)-record-insider-info",classic_NN_6-6,30
500.0,500,147552,CartPole-v1,"CP-ppo-ac-NN(6,6)-(lr=2.5e-3)-(86-params)-record-insider-info",classic_NN_6-6,30
500.0,500,148764,CartPole-v1,"CP-ppo-ac-NN(6,6)-(lr=2.5e-3)-(86-params)-record-insider-info",classic_NN_6-6,30
500.0,500,148860,CartPole-v1,"CP-ppo-ac-NN(6,6)-(lr=2.5e-3)-(86-params)-record-insider-info",classic_NN_6-6,30
500.0,500,149188,CartPole-v1,"CP-ppo-ac-NN(6,6)-(lr=2.5e-3)-(86-params)-record-insider-info",classic_NN_6-6,30
